event_type,roll,passed,batter_buoyancy,batter_divinity,batter_martyrdom,batter_moxie,batter_musclitude,batter_patheticism,batter_thwackability,batter_tragicness,batter_coldness,batter_overpowerment,batter_ruthlessness,batter_shakespearianism,batter_suppression,batter_unthwackability,batter_base_thirst,batter_continuation,batter_ground_friction,batter_indulgence,batter_laserlikeness,batter_anticapitalism,batter_chasiness,batter_omniscience,batter_tenaciousness,batter_watchfulness,batter_pressurization,batter_cinnamon,batter_multiplier,runner_on_first_base_thirst,runner_on_first_continuation,runner_on_first_ground_friction,runner_on_first_indulgence,runner_on_first_laserlikeness,runner_on_first_multiplier,runner_on_second_base_thirst,runner_on_second_continuation,runner_on_second_ground_friction,runner_on_second_indulgence,runner_on_second_laserlikeness,runner_on_second_multiplier,runner_on_third_base_thirst,runner_on_third_continuation,runner_on_third_ground_friction,runner_on_third_indulgence,runner_on_third_laserlikeness,runner_on_third_multiplier,pitcher_buoyancy,pitcher_divinity,pitcher_martyrdom,pitcher_moxie,pitcher_musclitude,pitcher_patheticism,pitcher_thwackability,pitcher_tragicness,pitcher_ruthlessness,pitcher_overpowerment,pitcher_unthwackability,pitcher_shakespearianism,pitcher_suppression,pitcher_coldness,pitcher_base_thirst,pitcher_continuation,pitcher_ground_friction,pitcher_indulgence,pitcher_laserlikeness,pitcher_anticapitalism,pitcher_chasiness,pitcher_omniscience,pitcher_tenaciousness,pitcher_watchfulness,pitcher_pressurization,pitcher_cinnamon,pitcher_multiplier,fielder_anticapitalism,fielder_chasiness,fielder_omniscience,fielder_tenaciousness,fielder_watchfulness,fielder_multiplier,ballpark_grandiosity,ballpark_fortification,ballpark_obtuseness,ballpark_ominousness,ballpark_inconvenience,ballpark_viscosity,ballpark_forwardness,ballpark_mysticism,ballpark_elongation,ballpark_filthiness,what1,what2,batting_team_hype,pitching_team_hype,batter_name,pitcher_name,fielder_name,runner_on_first_name,runner_on_second_name,runner_on_third_name,batter_vibes,pitcher_vibes,fielder_vibes,runner_on_first_vibes,runner_on_second_vibes,runner_on_third_vibes,batter_mods,batting_team_mods,pitcher_mods,pitching_team_mods,fielder_mods,runner_on_first_mods,runner_on_second_mods,runner_on_third_mods,game_id,stadium_id,play_count,weather,ball_count,strike_count,out_count,season,day,top_of_inning,home_score,away_score,inning,batting_team_roster_size,pitching_team_roster_size,baserunner_count,is_strike,strike_roll,strike_threshold,fielder_roll,batter_consecutive_hits
Party,7.930507790976371e-05,True,1.0007192551900141,0.9830652488298433,0.21294809179756236,0.8648669599145393,0.30825106569752414,0.31092351299589627,0.7151845335402063,0.1,0.9105786927155393,0.05193657518139272,0.4637988297835083,0.24761057952116228,0.15805568307063145,0.45994858567795815,0.3873649474481248,0.7186678057473431,0.48603286611628105,0.6568321283189816,0.3844384744149788,0.4505414141106907,0.7431201825389631,0.490601423385683,0.09841586000816349,0.14812973200265112,0.306223452293332,0.47298694061060265,1,0.1752942999015851,0.5636715098216775,0.9739828973039489,0.6591340242777256,0.2266587159865662,1,0,0,0,0,0,1,0,0,0,0,0,1,0.01,0.4502472288337144,0.1350712982957679,0.6451427456510231,0.7861141907399106,0.99,0.556,0.1,0.4603763093512032,0.7790681696087698,0.5513377812966251,0.09241051033940419,0.05180596134093564,0.7823552145782384,0.8845910098813575,0.01,0.8228309375419426,0.0753173812227251,0.01,0.8910778761004635,0.1774866285887081,0.6916139563915255,0.42609749506327,0.5471043339729548,0.5991665436375463,0.8868431243803815,1,0,0,0,0,0,1,0.5,0.5,0.5,0.5,0.5,0.5,0.5,0.5,0.5,0,0,0.6352720081881018,0,0,Theodore Duende,Sixpack Dogwalker,,Oliver Mueller,,,0.08338174415863725,0.8868431243803815,0,-0.8747497410130692,0,0,SPICY,,FLICKERING;RECEIVER,PARTY_TIME,,,,,d0b9b6a6-533f-412a-8218-236e08632b77,,46,Weather.FLOODING,0,1,1,11,84,True,0,0,1,16,15,1,True,0.1638274175597938,0.6738555197118969,,0
Party,0.00033633088819207124,True,0.7909916600467954,0.17765504726500786,0.001,0.4446492650008234,0.7755171362205506,0.9293090556553592,0.48149434012812825,0.30000000000000004,0.7818977030776724,0.13885604312700822,0.49353188407325205,0.6027334753468994,0.019806335742375614,0.01,0.001,0.026688259196619935,0.001,0.6500137214628332,0.6091085086644215,0.01,0.3116697710770961,0.17865028972097158,0.01,0.01,0.7284504542962638,0.7160727501850884,1,0,0,0,0,0,1,0.22252641133703843,0.9968711327113444,0.015430561930310116,0.013190626926588012,0.8297265307168118,1,0,0,0,0,0,1,0.180665228295976,0.09045650789479781,0.9248965971661207,0.24673756929087265,1.0290022288424512,0.22292497650495224,0.49530956661190695,0.02579853473514157,0.23997653227484123,0.45629812975587586,0.7937966241437521,0.7771145142657339,0.5986101041041775,0.5269914794362663,0.7947773487486818,0.2454365333202445,0.5492234354180446,0.9352827401799368,0.6656676021435037,1.0058338288429338,0.5757720602773769,0.36962182870839655,0.957319716872812,0.7432211932864455,0.37345709497029933,0.3356884119960702,1,0,0,0,0,0,1,0.5,0.5,0.5,0.5,0.5,0.5,0.5,0.5,0.5,0,0,0.33324741841567973,0,0,Ren Morin,Nandy Slumps,,,Usurper Violet,,0.7160727501850884,-0.37345709497029933,0,0,0.08589341255096286,0,PERK,FIREPROOF;SEALANT,,PARTY_TIME,,,,,2e5b8a4a-3fef-4756-b2c9-b651c4813e68,,159,Weather.FLOODING,0,0,2,11,84,False,0,0,4,12,15,1,False,0.6572425514974229,0.6220075544494268,,0
Party,0.0021478623146584663,True,0.7451261953776713,0.8992582906482982,0.5561318685895045,0.9845807638696438,0.5112664219248062,0.19265464950594868,0.31356833262581985,0.1,0.7114606910561565,0.08953577007213998,0.7302402380024593,0.4794309898350233,0.7068356172474264,0.8551896906665326,0.12649894630944858,0.5174945836552169,0.7009343974453073,0.8276272750973617,0.5636732019580661,0.01,0.11941547599075783,0.7634042074310031,0.14219493287324422,0.24418794283681575,0.5871506451142308,0.3759041675039605,1,1.0991426060323863,0.4040564289455306,0.9198520013508601,0.7371799464720293,0.6802247829931226,1,0,0,0,0,0,1,0,0,0,0,0,1,0.7148821822385913,0.3757125695901599,0.8564677298401965,0.8178051655560172,0.9527622480521809,0.4614170843909727,0.6269019168583696,0.1,0.7206452040034892,0.7253631065906119,0.8416650412468916,0.16833218106653214,0.7568675376862085,0.48811726386293597,0.9249418977688818,0.466762914920029,0.1605597202835483,0.10311704612332348,0.3295632415916062,0.888059839050486,0.11694425106899803,1.0342224680006356,0.13165046950052534,0.5703846320786203,0.501814646990403,0.5609839213910567,1,0,0,0,0,0,1,0.5,0.5,0.5,0.5,0.5,0.5,0.5,0.5,0.5,0,0,0.682673021056994,0,0,Malik Destiny,Orville Manco,,Greer Gwiffin,,,-0.46605167796644476,-0.3681734385868626,0,-0.16021399166662295,0,0,ALTERNATE;FIRE_EATER,,,PARTY_TIME,,,,,70b41f97-76d3-4fc9-98ab-7b0e843b40c0,,150,Weather.BIRDS,0,0,1,11,86,True,3,4,4,16,15,1,True,0.5882965552295016,0.602092666164887,,1
Party,0.002277478463132976,True,0.13041565458204102,0.3964800313926656,0.7030897078787854,0.6223353235519289,0.11917028007794576,0.4384864177230044,0.31943291112333433,0.1,0.6448240331775138,0.2831215116910555,0.42346742362702944,0.6233489563827709,0.5605754398313326,0.6426333079877898,0.4813956010301392,0.8591185252454525,0.6861708190838193,1.0782780313868574,0.8462223001729333,0.7674701924700937,0.555661781665263,1.0536232891474795,0.6329025403704165,0.2939315098863539,0.725807241207326,0.8045469615120213,1,0,0,0,0,0,1,0,0,0,0,0,1,0,0,0,0,0,1,0.8334334146827689,1.041356895251284,0.42863743456915765,0.3461285546900007,0.6162902537456035,0.01,0.717815874552366,0.1,1.0352212542411443,0.559580904385477,0.599263073358022,0.2509851812112263,1.159031856150566,0.6066316790975008,1.1050385552266102,0.37855869910616335,0.5713514447427515,0.7084696512980069,1.0232350460641721,1.2434711852100353,0.8350716662645024,0.34293523697285977,1.1215559060178926,0.9996358867216696,0.4748521086987548,0.8658734201938985,1,0,0,0,0,0,1,0.5,0.5,0.5,0.5,0.5,0.5,0.5,0.5,0.5,0,0,0.879294736918879,0,0,Alexander Horne,Stevenson Heat,,,,,-0.13089806308418606,0.6134750029256886,0,0,0,0,,LOVE;PARTY_TIME,ALTERNATE;FRIEND_OF_CROWS,,,,,,82dc0052-aada-460e-993f-2cb4a33c0ed7,,163,Weather.FLOODING,0,1,0,11,86,False,2,2,4,15,13,0,True,0.47658312225447874,0.7081390576774486,,0
Party,0.005386530481323426,True,0.6494846300086964,0.9361087064938158,1.3091739003707417,1.2112495514164536,1.1596553708951713,0.01,1.3305964388197544,0.1,0.7070591310026018,0.882470682232628,0.6799938087971988,0.701387754392677,0.45668793069101343,0.6963351687766277,0.879935482256345,0.26058080149996077,0.5199413533521543,0.99492399644128,0.655553799323151,0.31900002142920425,0.977518544399246,1.0413106605658968,0.3905241474307879,1.0775508392225381,0.026243309951627047,0.5083787771037228,1,0,0,0,0,0,1,0,0,0,0,0,1,0,0,0,0,0,1,0.27282892086606325,0.5094696173785349,0.43907606605313476,0.5982572879627452,0.04932166259766113,0.5907421232957877,0.9499957398327346,0.1,0.32379183875697626,0.690905517532387,0.06550298398552923,0.7808221308672405,0.04745980831271046,0.176472091028407,0.2370811393513783,0.5828709601372475,0.665659348625889,0.8955648961055218,0.7522961338642171,0.3551091705770786,0.040046054769621975,0.8380184418988099,0.04921049296746727,0.9663188669104426,0.9077260162603775,0.5017245273661204,1,0,0,0,0,0,1,0.5,0.5,0.5,0.5,0.5,0.5,0.5,0.5,0.5,0,0,0.2049280743658406,0,0,Alston Cerveza,Kit Adamses,,,,,0.2410677335760493,-0.5553633803537563,0,0,0,0,,,,PARTY_TIME,,,,,81d35606-06fa-4de9-95d7-c753bf2aeddb,,24,Weather.REVERB,3,1,1,11,87,True,0,4,0,15,15,0,False,0.9883805122979545,0.614489387311275,,0
Party,0.004414155726259139,True,1.1613275670429302,0.3274539137861463,0.7737541699385161,0.5216750814405207,0.6409683089787114,0.670119660887764,0.7655407860601143,0.1,0.8325854716856268,0.7427616386690545,0.19839225347901532,0.6896500869285658,0.5258654062024429,0.3766434312348995,0.8915040549971025,0.6650416747229091,1.0774450250132768,0.2899604338017408,0.36704677978998357,0.6910462384906211,0.41209169318836514,0.5876325644276553,0.37071745673186157,0.9705030888988613,0.4557744108889843,0.6187237930591268,1,0,0,0,0,0,1,0.780688835734565,0.8819366648900164,0.36373150104575175,0.5865034973221178,0.9069461860648763,1,0,0,0,0,0,1,0.27282892086606325,0.5094696173785349,0.43907606605313476,0.5982572879627452,0.04932166259766113,0.5907421232957877,0.9499957398327346,0.1,0.32379183875697626,0.690905517532387,0.06550298398552923,0.7808221308672405,0.04745980831271046,0.176472091028407,0.2370811393513783,0.5828709601372475,0.665659348625889,0.8955648961055218,0.7522961338642171,0.3551091705770786,0.040046054769621975,0.8380184418988099,0.04921049296746727,0.9663188669104426,0.9077260162603775,0.5017245273661204,1,0,0,0,0,0,1,0.5,0.5,0.5,0.5,0.5,0.5,0.5,0.5,0.5,0,0,0.28002503603838047,0,0,Jes√∫s Koch,Kit Adamses,,,Commissioner Vapor,,0.3500992420720982,-0.5553633803537563,0,0,0.25560277015250593,0,ALTERNATE,,,PARTY_TIME,,,PERK,,81d35606-06fa-4de9-95d7-c753bf2aeddb,,70,Weather.REVERB,0,2,1,11,87,True,0,6,1,15,15,1,True,0.39700981963807425,0.47859684411386594,,0
Party,0.004411044138123765,True,0.9699193784730594,0.5773276152124404,0.8590180534512071,0.301871489022167,0.7201113921506672,0.06914334668080856,0.4987294467659763,0.05044797732084477,0.9429079577829758,0.07992498641115446,0.3348579287793561,0.274333840430848,0.7946086084455415,0.5901134253960103,0.5507256890368086,0.626426751468702,0.19185114656026542,0.1847552832234965,0.4283897606930526,0.5212033566553841,0.6793002821902643,0.18193234970584898,0.4193807203311185,0.9428295386076163,0.9992833150775509,0.20015280032861427,1.043939393939394,0,0,0,0,0,1,0,0,0,0,0,1,0,0,0,0,0,1,0.2154235322404734,0.4903245678290087,0.00730484263039477,0.29089214398241103,0.23798287432584098,0.6060888591475204,0.6262575468037028,0.1,0.9590674238298682,0.09486728874086525,0.12807408467196235,0.48290297826462103,0.06942842597395393,0.2804780559418507,0.4081988057346071,0.9798143146805331,0.5358563216588286,0.5510562653266866,0.25443781841148283,0.8713519303296302,0.5304538429273677,0.7180303754810904,0.09555069829278517,0.005613050789808449,0.4216766595638224,0.8068528336976653,1,0,0,0,0,0,1.043939393939394,0.5,0.5,0.5,0.5,0.5,0.5,0.5,0.5,0.5,0,0,0.9513552335495168,0,0,Inez Owens,Coolname Galvanic,,,,,-0.9536324961637687,0.6269388548533577,0,0,0,0,ALTERNATE,GROWTH,TRIPLE_THREAT,PARTY_TIME,,,,,088c172d-41fb-42d8-923d-bbd69347653a,,104,Weather.FLOODING,0,0,2,11,87,False,2,0,2,16,15,0,False,0.9744293265923425,0.45650884352821225,,1
Party,2.4500900235313594e-05,True,1.2392588130708035,0.6036426325094386,0.8671050861026661,0.5713006015102055,0.43045089498897915,0.3037597272329726,0.8183194657011186,0.039228311678097094,1.043756006846704,0.854289406786003,0.5700303243240927,0.36887301048256427,0.8066369143215987,0.9539966916763015,0.748984466343027,0.7553562727749803,1.120360036606793,0.9567754486860667,0.8880552580626633,0.7452495250443381,1.2171393108823174,0.48509918403737445,0.7518140445773905,1.24613222743608,0.17781502906147062,0.17649982578775922,1,0,0,0,0,0,1,0,0,0,0,0,1,0,0,0,0,0,1,0.27591677111698526,0.24501908172911846,0.513413389416473,0.426630331765121,0.3345286106142956,0.7172406280488961,0.4437022207395701,0.1,0.48994391202655946,0.27022138121134437,1.1595661899888028,0.8797101463452612,0.750921028818443,0.5662005689542737,0.8443793874839141,0.18787445893786564,1.135592439636556,0.3584439361602173,0.5562343106871288,0.6203953247643341,0.6350559273838529,0.32431281514024984,0.32491354700213826,0.8343292362849792,0.6865362684784002,0.6431148428775638,1,0,0,0,0,0,1,0.5,0.5,0.5,0.5,0.5,0.5,0.5,0.5,0.5,0,0,0.19819595244385813,0,0,Helga Moreno,Inky Rutledge,,,,,0.08792111207545147,-0.3541234906394123,0,0,0,0,,LOVE;PARTY_TIME,,O_NO,,,,,27415597-00ee-4b69-b0d0-c0dc32626b56,,121,Weather.FLOODING,1,0,2,11,87,True,0,1,2,15,14,0,True,0.23917377651348026,0.46382533250982827,,1
Party,0.002119338008109928,True,0.13041565458204102,0.3964800313926656,0.7030897078787854,0.6223353235519289,0.11917028007794576,0.4384864177230044,0.31943291112333433,0.1,0.6448240331775138,0.2831215116910555,0.42346742362702944,0.6233489563827709,0.5605754398313326,0.6426333079877898,0.4813956010301392,0.8591185252454525,0.6861708190838193,1.0782780313868574,0.8462223001729333,0.7674701924700937,0.555661781665263,1.0536232891474795,0.6329025403704165,0.2939315098863539,0.725807241207326,0.8045469615120213,1,0.8090653184187909,0.8982900399887376,0.7597490175468623,0.4660322375189851,0.20227389277768054,1,0,0,0,0,0,1,0,0,0,0,0,1,0.27591677111698526,0.24501908172911846,0.513413389416473,0.426630331765121,0.3345286106142956,0.7172406280488961,0.4437022207395701,0.1,0.48994391202655946,0.27022138121134437,1.1595661899888028,0.8797101463452612,0.750921028818443,0.5662005689542737,0.8443793874839141,0.18787445893786564,1.135592439636556,0.3584439361602173,0.5562343106871288,0.6203953247643341,0.6350559273838529,0.32431281514024984,0.32491354700213826,0.8343292362849792,0.6865362684784002,0.6431148428775638,1,0,0,0,0,0,1,0.5,0.5,0.5,0.5,0.5,0.5,0.5,0.5,0.5,0,0,0.2839888586896795,0,0,Alexander Horne,Inky Rutledge,,Helga Burton,,,-0.6500308866045269,-0.3541234906394123,0,0.04916709512823564,0,0,,LOVE;PARTY_TIME,,O_NO,,,,,27415597-00ee-4b69-b0d0-c0dc32626b56,,278,Weather.FLOODING,0,0,1,11,87,True,2,4,5,15,14,1,False,0.9183662202382405,0.43007401811955076,,1
Party,0.0048201294529590655,True,0.6603740887520025,0.28880618096159716,0.4446981570175468,0.36196196582338225,0.4804320548968539,0.01,0.5638052106789253,0.1,0.8081918000628536,1.0429813001984338,0.5713543052262465,0.23600250547919174,0.6838925159153432,0.3551693644952971,1.0379232279767994,0.5446320610277624,0.8486199948605994,0.5576528452436991,0.3147126931822127,0.709099060898585,1.0250420908732556,1.5409585045140068,0.5517307649199976,1.2946249642245753,0.6822997757659564,0.25683625551563705,1,0,0,0,0,0,1,0,0,0,0,0,1,0,0,0,0,0,1,0.9928506359539357,1.104240254448786,0.553146145352327,0.5496916004173407,0.5862023499874496,0.1019397420247879,0.6814926851876588,0.1,0.6055834843936768,0.2654476094498628,0.31070947825367823,1.1287153500214018,0.3626270551720261,0.24430491885263714,0.8961044728195837,0.614989813534976,0.27284265573274824,0.5574150180512005,1.0131516279709263,1.2325362561363695,1.0914062097764146,1.198402705242256,0.8499584585550897,0.5000803751034921,0.8019224362991275,0.6351124196952442,1,0,0,0,0,0,1,0.5,0.5,0.5,0.5,0.5,0.5,0.5,0.5,0.5,0,0,0.339949210052203,0,0,Cedric Spliff,Ronan Jaylee,,,,,-0.15613159036573532,-0.8019224362991275,0,0,0,0,,,,PARTY_TIME,,,,,3dc75ac0-dc44-4234-81b9-f8a3ee5e13db,,8,Weather.PEANUTS,0,0,1,11,88,True,0,0,0,15,15,0,True,0.10064227175248175,0.521363659835974,,1
Party,0.005006481091088588,True,0.33262606350638074,0.8292250504768734,0.5067612936679957,0.845534657931766,0.11815073275885098,0.3802932852980513,0.7330852606905077,0.1,0.39481749599551186,0.3553524163541832,0.9538310273794826,0.2259902323893346,0.832487262201215,0.7380141611860284,1.0991426060323863,0.4040564289455306,0.9198520013508601,0.7371799464720293,0.6802247829931226,0.0757866548227878,0.6483776613156473,0.8820724404271928,0.7445557704690121,0.7296189610705297,0.1691216457264812,0.12628678275906968,1,0.25306104847681293,1.058888665088906,0.35042638771885304,0.4296141127311721,0.5796897813408264,1,0,0,0,0,0,1,0,0,0,0,0,1,0.5561955632700941,0.8087475149306345,0.5830058497608914,0.288101843866158,0.15206001209596362,0.7799636106831813,0.25437322871815593,0.1,0.848092869220289,0.8630231333407706,0.7301548776779113,0.044181778456907905,0.29703272058926544,0.2658102901425531,0.7415774046328505,0.2774420669393711,0.6328081587696925,0.7146090966645195,0.3013786836143284,0.9284772309868228,0.3802331744603662,0.7017478772600323,0.9017321819540995,0.3606905047767004,0.9408542236529036,0.12234152986984431,1,0,0,0,0,0,1,0.5,0.5,0.5,0.5,0.5,0.5,0.5,0.5,0.5,0,0,0.4777583722558367,0,0,Greer Gwiffin,Cornelius Games,,Quack Enjoyable,,,0.004231136153277165,-0.6750552852722155,0,-0.7953263253708514,0,0,,,WILD;PERK,TRAVELING;PARTY_TIME,,,,,e3986b7a-cec1-4dba-8f21-e221eed67038,,265,Weather.PEANUTS,1,0,1,11,88,False,5,4,6,16,14,1,True,0.26289746120513313,0.6555999467037562,,2
Party,0.004615204030475439,True,0.9386931992972114,1.0397408665856533,0.34677831980163065,0.6501377185851874,0.9276170453507859,0.19586078818479205,0.7665346054107528,0.03634962960918904,0.7231765579071823,1.0707328283626714,0.7347723511665591,0.8202406774216418,0.8183363120380519,0.9173491928442952,0.301042511167497,0.7067735790441967,1.0800708544606197,0.8730286596522082,0.39214429655239674,0.20179053287571638,0.7232043958017735,0.5783160981450568,0.6830111639833928,0.240276421493644,0.9224335434501654,0.16577048898332128,1.05,0,0,0,0,0,1,0,0,0,0,0,1,0,0,0,0,0,1,0.3345274039314281,0.5527658883146049,0.505402394354755,0.04146993321131154,0.9033401461180819,0.9497524024365027,0.8644460510251408,0.1,0.5926674383412813,0.9457779407933766,0.13008807779843656,0.14289896471901908,0.8985462195298943,0.707726770269151,0.7342118161986011,0.6563937019252541,0.27743284704907367,0.7222003154144341,0.6035796947883036,0.2373719079334946,0.8104195607090454,0.8993520157461077,0.18401877516772114,0.9417716526507101,0.5591308458543041,0.7773488339967005,1,0,0,0,0,0,1.05,0.5,0.5,0.5,0.5,0.5,0.5,0.5,0.5,0.5,0,0,0.8438822331091216,0,0,Blood Hamburger,Lenny Marijuana,,,,,0.11873039817556415,0.6210104101168387,0,0,0,0,FLINCH,TRAVELING;PARTY_TIME,,,,,,,c331efe0-fc08-4a7d-8796-4f88327bd0cc,,164,Weather.SUN_2,0,0,1,11,89,True,3,1,5,14,16,0,True,0.08110751000564931,0.6298445554866665,,1
Party,0.005498518947333775,True,0.6494846300086964,0.9361087064938158,1.3091739003707417,1.2112495514164536,1.1596553708951713,0.01,1.3305964388197544,0.1,0.7070591310026018,0.882470682232628,0.6799938087971988,0.701387754392677,0.45668793069101343,0.6963351687766277,0.879935482256345,0.26058080149996077,0.5199413533521543,0.99492399644128,0.655553799323151,0.31900002142920425,0.977518544399246,1.0413106605658968,0.3905241474307879,1.0775508392225381,0.026243309951627047,0.5083787771037228,1,0,0,0,0,0,1,0.11,0.01,0.09475592271370037,0.6238598417193569,0.7016468194232268,1,0,0,0,0,0,1,0.01,0.4502472288337144,0.1350712982957679,0.6451427456510231,0.7861141907399106,0.99,0.556,0.1,0.4603763093512032,0.7790681696087698,0.5513377812966251,0.09241051033940419,0.05180596134093564,0.7823552145782384,0.8845910098813575,0.01,0.8228309375419426,0.0753173812227251,0.01,0.8910778761004635,0.1774866285887081,0.6916139563915255,0.42609749506327,0.5471043339729548,0.5991665436375463,0.8868431243803815,1,0,0,0,0,0,1,0.5,0.5,0.5,0.5,0.5,0.5,0.5,0.5,0.5,0,0,0.21109988474188213,0,0,Alston Cerveza,Sixpack Dogwalker,,,Beans McBlase,,0.009569579168954425,0.5153407073758945,0,0,0.9184108646555776,0,,,FLICKERING;RECEIVER,PARTY_TIME,,,SIPHON;SPICY;PERK,,1580d7b6-ef30-40ee-8fc8-eae417b37fbc,,239,Weather.FLOODING,0,0,2,11,89,True,3,2,7,15,15,1,True,0.04713270493149224,0.5219256425536366,,0
Party,0.0004648240283513516,True,0.43372375309474154,0.8133654336134879,0.8672312698321887,0.6245946249560346,0.5538031766699669,0.47355796618929347,0.5286460869727323,0.1,0.44477550649031977,0.3473041091963673,0.01,0.16700820844573333,0.6289639448162254,0.33893220434467536,0.7278547272622543,0.47567582875872516,0.5274873747023227,0.8794399483379606,0.8343681052773316,0.20231689177338888,0.01,0.01,0.2758240977007116,0.12498860181661911,0.5312801848809112,0.8226489440000595,1.05,0.16023664142871955,1.0366184920088148,0.1888326704265802,0.4392369270515659,0.42406116025785473,1.05,0.7790929251971738,1.223132429388896,1.3056824417700459,0.8674266340600595,1.3089495168410479,1.05,0,0,0,0,0,1,0.3345274039314281,0.5527658883146049,0.505402394354755,0.04146993321131154,0.9033401461180819,0.9497524024365027,0.8644460510251408,0.1,0.5926674383412813,0.9457779407933766,0.13008807779843656,0.14289896471901908,0.8985462195298943,0.707726770269151,0.7342118161986011,0.6563937019252541,0.27743284704907367,0.7222003154144341,0.6035796947883036,0.2373719079334946,0.8104195607090454,0.8993520157461077,0.18401877516772114,0.9417716526507101,0.5591308458543041,0.7773488339967005,1,0,0,0,0,0,1.05,0.5,0.5,0.5,0.5,0.5,0.5,0.5,0.5,0.5,0,0,0.5027142253844996,0,0,Simon Haley,Lenny Marijuana,,Velasquez Alstott,Richardson Games,,0.6933602167815622,0.6210104101168387,0,0.46777826178366,0.0413469073050138,0,FLINCH,TRAVELING;PARTY_TIME,,,,FLINCH;FIRE_EATER,FLINCH;SIPHON,,c331efe0-fc08-4a7d-8796-4f88327bd0cc,,276,Weather.SUN_2,2,2,2,11,89,True,5,3,7,14,16,2,True,0.32954588338231994,0.43174872271083553,,0
Party,0.003445196044672416,True,0.2668743732784645,0.8901567013537176,0.5972231363317764,0.5929109836257672,1.2281501373000843,0.24157011869050946,0.36378546701072223,0.1,0.2252765112791582,0.9780877519058571,0.5905200371155328,0.599012767006124,0.8599002135459483,0.7896390655320553,0.11,0.01,0.09475592271370037,0.6238598417193569,0.7016468194232268,0.8036483679768262,1.1924366744208144,1.3233873791936552,1.2575517972452996,0.620516553944311,0.5716978886508219,1.115812025510516,1,0.780688835734565,0.8819366648900164,0.36373150104575175,0.5865034973221178,0.9069461860648763,1,0,0,0,0,0,1,1.0379232279767994,0.5446320610277624,0.8486199948605994,0.5576528452436991,0.3147126931822127,1,0.06175643715889385,0.5065567425979147,0.18253680320255866,0.7233310115808446,0.8654583270039566,0.9476937121631471,0.6130144872665468,0.030272895759267004,0.5156501842184871,0.85889381590241,0.6203324500341667,0.15826474558530457,0.12621328501673035,0.828581183223886,0.9439164183055552,0.06104123798158479,0.8661247156091836,0.13103207532010705,0.05965273454152789,0.9319521726975573,0.24707781127270825,0.7495450235659818,0.47597921140319577,0.6051528838354554,0.5991665436375463,0.9590248733694346,1,0,0,0,0,0,1,0.5,0.5,0.5,0.5,0.5,0.5,0.5,0.5,0.5,0,0,0.12120557038154112,0,0,Beans McBlase,Sixpack Dogwalker,,Commissioner Vapor,,Cedric Spliff,0.9184108646555776,0.006564060168389951,0,0.7782225692018536,0,0.05401327575288267,SIPHON;SPICY;PERK,,FLICKERING;RECEIVER,PARTY_TIME,,PERK,,,1580d7b6-ef30-40ee-8fc8-eae417b37fbc,,282,Weather.FLOODING,0,0,2,11,89,True,3,6,8,15,15,2,False,0.910402732243311,0.5678294993448602,,0
Party,0.0016556810384744658,True,1.4110493602973384,0.8960881086276816,1.2408937148424566,1.2809102112157476,1.2094338215160014,0.3063601842367408,0.7483330206071482,0.026591801246519164,0.4639256032762226,1.1498542288898068,0.7101552920781962,1.2629231896967241,0.355358595473753,1.0741149045481546,1.2786379649715935,0.8383311493580463,0.5807115497596426,1.150048099342375,1.2462126712027821,1.359384187933968,0.8909626611774958,0.6515738775356782,0.4078794990887557,0.5844712527830779,0.31129207590498664,0.1895339174138172,1,0,0,0,0,0,1,0,0,0,0,0,1,0,0,0,0,0,1,0.234944415967282,0.09971022959453651,0.8144424270644628,0.9048077617929623,0.8110133900665708,0.8554712416258643,0.37088203579536333,0.1,0.10691869011138652,0.699099913005398,0.8040752252701876,0.11839226605411395,0.4580037932579733,0.8763388440975051,0.1480038250622136,0.8360777692581048,0.6456122629564254,0.5548363083607675,0.30908649043959674,0.4312675498008577,0.5980008968649393,0.43155051495965063,0.7878219929331717,0.3275380043453211,0.7085489491654411,0.7041322541386639,1,0,0,0,0,0,1,0.5,0.5,0.5,0.5,0.5,0.5,0.5,0.5,0.5,0,0,0.06399190840331004,0,0,Don Mitchell,Cory Twelve,,,,,-0.29903599148350535,0.49724988174216544,0,0,0,0,REVERBERATING,LOVE;PARTY_TIME,,O_NO,,,,,39b5d815-9a79-44e3-b754-b3764edb02d9,,370,Weather.FLOODING,0,2,1,11,89,True,8,3,8,15,14,0,True,0.33408556691682967,0.45444563127613846,,0
Party,0.000179161240405179,True,0.9582161798073898,0.19899192202740723,0.7749997827505972,0.6977753625832772,0.1403644847430947,0.5200471376265952,0.7302714053429578,0.1,0.2700158417939782,0.7793258635955349,0.10924956095036341,0.8121043536127528,0.153032039797472,0.5275901044622395,0.6321773285430059,0.10620961330223831,0.6632033984376573,0.3775163973715092,0.09965888158040247,0.09373346214696893,0.17188334290123028,0.1186596342211545,0.6449784156725915,0.11196212719298909,0.9098026700935284,0.8439441675610182,1,0,0,0,0,0,1,0,0,0,0,0,1,0,0,0,0,0,1,1.105011747467393,0.6022290468903302,1.1207471840119156,0.7289797742482456,1.0102564370882483,0.01,1.1775459914749187,0.1,0.5403698045992193,0.8280463455890331,0.7399049394298526,1.0367010951280908,1.2430472772781929,1.0238535612162454,1.0408946997105568,0.6549305965470463,0.6011394187029648,0.934812748766314,0.3592601437173563,0.7265073678975756,0.8391015242881261,0.9332228947713155,0.686751974381347,1.3318068436931978,0.5408376821510407,0.40406239993994353,1,0,0,0,0,0,1,0.5,0.5,0.5,0.5,0.5,0.5,0.5,0.5,0.5,0,0,0.807056142769641,0,0,Hotbox Sato,James Mora,,,,,-0.652972391961251,-0.1976797319977357,0,0,0,0,FLINCH,TRAVELING;PARTY_TIME,,O_NO,,,,,4d50b00a-4297-4497-8a69-c24b2eef3b95,,16,Weather.FLOODING,0,1,0,11,90,False,0,0,0,14,14,0,True,0.4258451807693586,0.5280433313529549,,2
Party,0.0035478175178804694,True,0.5520889504233146,0.7013126941876417,0.7985286434019251,0.7991052280977355,0.44094710299488404,0.8192790598656311,0.40633808176302433,0.04552946545085365,0.09046686863975151,0.12547940907303293,0.9252527204264245,0.49665672111682996,0.545411483072626,0.565972990912836,0.8500538991587934,0.9458261676688721,0.8308572189984347,0.5211360668642275,0.2599509727964947,0.17358190093012835,0.6681085401809742,0.07959767838908315,0.5843680308042886,0.32543504541390084,0.10248119805293276,0.11038416451416797,1,0,0,0,0,0,1,0,0,0,0,0,1,0,0,0,0,0,1,1.1410689067902577,0.9862527211365105,0.6242883477803085,1.2026656956547965,0.6913119900066772,0.6511606200030078,0.3171590215843745,0.05458565587952875,1.2364916743978824,0.9480481946784777,1.1010646148319068,0.555966913229714,0.47617860325442446,0.9862575706473643,0.3185418958794001,0.8247000071028844,0.7410620196720222,0.24297396856494857,0.8738635241075825,0.736649828867666,1.200897566992514,1.1966216717900109,0.9045497757090205,0.2588350112601803,0.3856185779831285,0.24170023931688991,1,0,0,0,0,0,1,0.5,0.5,0.5,0.5,0.5,0.5,0.5,0.5,0.5,0,0,0.331488682258708,0,0,Helga Burton,Theodore Cervantes,,,,,-0.10248119805293276,-0.1577961409685218,0,0,0,0,,LOVE;PARTY_TIME,SIPHON;PERK,BIRD_SEED,,,,,41c3f499-1983-41fd-a16d-e787b6ec5673,,101,Weather.FLOODING,0,0,0,11,90,False,1,0,3,15,15,0,False,0.7660652915340593,0.6379449958230704,,0
Party,0.0023116451243589964,True,0.9749611617675625,0.3412942472239979,1.0492310948603518,1.097618598005004,0.5456708476834372,0.4681661703879594,0.7874277014026279,0.02635348317081404,0.5138800725933975,0.13325915835430407,0.30187206709580927,0.5169746413662306,0.5954096649827214,0.3966103233454367,0.8395576792830513,1.2683703641327726,1.3718991938928793,0.9460606121485309,1.3621420207550021,1.6061523036006,1.9907126243722069,1.9950143998590235,2.394682943624778,2.249431012585203,0.8231759598388049,0.13644132352869257,1,0,0,0,0,0,1,0,0,0,0,0,1,0,0,0,0,0,1,0.5765195618556408,0.20299250590657042,1.0314923923430828,0.3034293808657999,0.35661639226353836,0.054835821805997956,0.24151699585368513,0.1,0.3381946924723736,0.8824925776819388,0.5290962972606087,1.06167531745331,0.6136186701058397,0.6790889365013514,1.0335255249974749,0.16353309031938995,0.7765142392990405,0.5467340296134217,0.4454686669935717,0.8826814876544147,0.2965932951445385,0.8642180105507367,1.0442511073484295,0.8986228048460345,0.4283501541053425,0.7572359175138723,1,0,0,0,0,0,1,0.5,0.5,0.5,0.5,0.5,0.5,0.5,0.5,0.5,0,0,0.4347911043322428,0,0,Richardson Games,Logan Rodriguez,,,,,-0.5269821360330247,-0.34893094649335377,0,0,0,0,FLINCH;SIPHON,TRAVELING;PARTY_TIME,SIPHON,O_NO;PARTY_TIME,,,,,9d9cccfb-1184-4c13-a9ec-60a153dd89c1,,275,Weather.REVERB,0,2,0,11,91,False,7,3,5,14,14,0,True,0.3999009280648387,0.5136868555277356,,0
Party,0.0009431744384755802,True,0.13041565458204102,0.3964800313926656,0.7030897078787854,0.6223353235519289,0.11917028007794576,0.4384864177230044,0.31943291112333433,0.1,0.6448240331775138,0.2831215116910555,0.42346742362702944,0.6233489563827709,0.5605754398313326,0.6426333079877898,0.4813956010301392,0.8591185252454525,0.6861708190838193,1.0782780313868574,0.8462223001729333,0.7674701924700937,0.555661781665263,1.0536232891474795,0.6329025403704165,0.2939315098863539,0.725807241207326,0.8045469615120213,1,0,0,0,0,0,1,0,0,0,0,0,1,0,0,0,0,0,1,0.4798755033901222,1.0555415220578537,0.09940043073031232,0.7653612868035269,0.25894692049912205,0.1834838021504079,0.7766108341298711,0.1,0.7578682893012589,0.2163086516110745,0.9296241406583519,0.5828947979144427,0.3216404212115515,0.19301248345250044,0.7380064633351887,0.8680506402117458,0.3676998769483046,0.43339401044193643,0.05423223820044795,0.11734277223919307,0.8960038746900698,0.2564236198899,0.9939556384685855,0.08409151796468917,0.3117792065705447,0.323751305083101,1,0,0,0,0,0,1,0.5,0.5,0.5,0.5,0.5,0.5,0.5,0.5,0.5,0,0,0.21849175992017833,0,0,Alexander Horne,Patty Fox,,,,,0.8045469615120213,-0.03923666173558593,0,0,0,0,,LOVE;PARTY_TIME,,BIRD_SEED,,,,,a498a33d-82f4-4496-8437-ba7e1132edab,,299,Weather.FLOODING,0,1,2,11,91,False,2,3,10,15,15,0,True,0.128349699300514,0.4684236823732951,,0
Party,0.004424729830427854,True,0.5015389259439197,0.3430690209690878,0.6273536909122016,0.4854780451836771,0.12488088176993148,0.5027529305352368,0.8454955356456927,0.04957449916247045,0.45155916436686305,0.7923565430200511,0.3388598729564089,0.13470966434911505,0.4213087365399838,0.24290751951759626,0.07987958257751364,0.6130080608080091,0.08594615376318385,0.17343600248612948,0.19534156837310857,0.5362053919561276,0.1275364073374444,0.38524808610086925,0.38425875966149214,0.6377242885998295,0.11787982178617629,0.9415104575506188,1,0,0,0,0,0,1,0,0,0,0,0,1,0,0,0,0,0,1,0.4844709842402091,0.5572938354503651,0.27732951558456037,0.6985873763070825,0.32690345964804,0.01,1.1299036963139821,0.1,1.060513476066553,1.2155170758888283,0.4980131130427044,0.6423769231181999,0.39668618618087725,0.4395967818404083,0.9632322274487506,0.8378397368821249,1.1773101384577729,0.492522471373617,0.43559736633426516,0.23996695984200317,0.6253225182201849,0.7763859508456228,0.34516304538856346,1.0748060006890514,0.5116172880640464,0.053396155739101,1,0,0,0,0,0,1,0.5,0.5,0.5,0.5,0.5,0.5,0.5,0.5,0.5,0,0,0.11612031955075452,0,0,Washer Barajas,Gunther O'Brian,,,,,0.33643183974616686,-0.26931546460101174,0,0,0,0,,O_NO;PARTY_TIME,WILD,TRAVELING;PARTY_TIME,,,,,9d9cccfb-1184-4c13-a9ec-60a153dd89c1,,328,Weather.REVERB,0,0,0,11,91,True,7,3,7,14,14,0,True,0.2647973271011226,0.5685281136910078,,0
Party,0.005103205818630219,True,0.9582161798073898,0.19899192202740723,0.7749997827505972,0.6977753625832772,0.1403644847430947,0.5200471376265952,0.7302714053429578,0.1,0.2700158417939782,0.7793258635955349,0.10924956095036341,0.8121043536127528,0.153032039797472,0.5275901044622395,0.6321773285430059,0.10620961330223831,0.6632033984376573,0.3775163973715092,0.09965888158040247,0.09373346214696893,0.17188334290123028,0.1186596342211545,0.6449784156725915,0.11196212719298909,0.9098026700935284,0.8439441675610182,1,0,0,0,0,0,1,0,0,0,0,0,1,0,0,0,0,0,1,0.6376821083626597,0.28102233652373243,1.106461501910646,0.37401755467142744,0.4218210296477622,0.001,0.31027524377989335,0.03819730566410828,0.39175001681977123,0.9623185334142681,0.5936651510109021,1.1357655174557513,0.6668852989660476,0.7250803092571447,1.1060597927528484,0.2118860253509109,0.8549046687216506,0.6207647536517344,0.5129812517493181,0.9604832366671635,0.3452345196626939,0.9365341165911456,1.0963219884888857,0.9746253425654001,0.4283501541053425,0.826153300894639,1,0,0,0,0,0,1,0.5,0.5,0.5,0.5,0.5,0.5,0.5,0.5,0.5,0,0,0.3378766451730475,0,0,Hotbox Sato,Logan Rodriguez,,,,,-0.3684941809327871,-0.34431435718801817,0,0,0,0,FLINCH,TRAVELING;PARTY_TIME,SIPHON,O_NO;PARTY_TIME,,,,,9d9cccfb-1184-4c13-a9ec-60a153dd89c1,,358,Weather.REVERB,1,1,1,11,91,False,7,3,7,14,14,0,False,0.8234070318817801,0.4179967494204217,,0
Party,0.00536808705554237,True,0.8406632708671484,0.5319242929975931,0.8163181055198181,0.6600066569066216,0.8856948764529745,0.6378993222622642,0.23860649985496474,0.058177384872339755,0.13735387167244478,0.34422017282054723,0.29402659145850363,0.6957713588684994,0.9465997547905464,0.48349858766641013,0.9956283559488711,0.46364001746578065,0.9871989846365997,0.680869923840165,0.8906220730800448,0.8509601161463659,0.5422772188075313,0.5478971393666532,0.7323255498624183,0.6803336543997551,0.9951836440509134,0.9883217274959282,1,0,0,0,0,0,1,0,0,0,0,0,1,0,0,0,0,0,1,0.704510070936426,0.5392597316461912,0.5378768878184867,0.31808889805966445,1.1781866771167218,0.34450150539252755,0.4536227242158194,0.04413226603525336,0.5885696464202524,1.022141427164828,0.783628970830303,0.6026379374307357,0.8660210925966715,0.617898317148879,0.48645819719552386,0.49477854151405165,0.28945739540080007,0.26134041342216613,0.4644407401710522,0.6881774285448585,1.1132811667537847,0.851425779611604,0.23420624039801202,0.6707458486201618,0.5448016025479687,1.0202042153986488,1,0,0,0,0,0,1,0.5,0.5,0.5,0.5,0.5,0.5,0.5,0.5,0.5,0,0,0.8092291737167834,0,0,Kichiro Guerra,Fynn Doyle,,,,,-0.8969692528179551,0.9305732222669196,0,0,0,0,ALTERNATE,LOVE;PARTY_TIME,ALTERNATE,BIRD_SEED,,,,,98245503-5da7-4cf4-8d3a-20bbd961929b,,36,Weather.FLOODING,0,0,0,11,92,False,0,0,1,15,15,0,False,0.67250740868667,0.5475530830004841,,0
Party,0.0043066661276840446,True,0.21446827106554062,0.918432788328239,0.18244096031756224,0.7124750360668295,0.6898733857192336,0.5956043564602751,0.7797244364614662,0.1,0.9419368390440723,0.2978586662843144,0.3376129346211899,0.5003445615419714,0.19453898104909378,0.9044395239792896,0.5862777818706644,0.16880152007257984,0.7132454619366826,0.8225070049459211,0.8694182228715551,0.9344940330028475,0.31597937148197747,0.19383617230366557,0.638251515431977,0.6268022177234711,0.010229309542854281,0.24633322325430435,1,0.07987958257751364,0.6130080608080091,0.08594615376318385,0.17343600248612948,0.19534156837310857,1,0,0,0,0,0,1,0,0,0,0,0,1,0.7813970840962712,0.5318460642855067,0.33651682102552055,0.7243882276696014,0.8143542552132814,0.07435716163076739,0.534850724807937,0.1,0.33359875051338306,0.49031059162953894,0.37557300768473345,0.6470634917007252,0.14054515779582788,0.3835629231559843,0.5539441608478386,1.3094589208135483,1.1422433609605172,0.8981975918275519,1.315961987768727,1.0242925141811687,0.8010733395942646,1.1096503207690194,1.0829408425273193,0.5815417131431764,0.042087823682364744,0.036104138815791,1,0,0,0,0,0,1,0.5,0.5,0.5,0.5,0.5,0.5,0.5,0.5,0.5,0,0,0.16835215099450584,0,0,Francisco Preston,Tillman Henderson,,Washer Barajas,,,-0.010229309542854281,-0.03821610439880276,0,0.06493876995172479,0,0,,O_NO;PARTY_TIME,RETURNED,TRAVELING;PARTY_TIME,,,,,b25f256f-d84d-4ddf-a387-757c78b9e6b3,,113,Weather.REVERB,0,0,2,11,92,True,1,0,2,14,14,1,True,0.1809059505060051,0.5284950559035173,,0
Party,0.002555381139566215,True,0.5092087692760954,0.27054679317779634,0.7159344809608528,0.001,0.42703279696570057,0.999,0.001,0.30000000000000004,0.7398150198296507,0.01,0.29921095016108323,0.4261490709392402,0.1642673055795031,0.19734734184174202,0.5820192784973641,0.3007000438152953,0.40160841711720846,0.7029621172095328,0.23805660664039724,0.4852500458319004,0.01,0.04534396189100587,0.04343871188752521,0.01,0.5162999988336032,0.2639134142573877,1,0,0,0,0,0,1,0,0,0,0,0,1,0,0,0,0,0,1,0.7200889889601356,0.12639401612629375,0.6656200436772186,0.1918001217910963,0.23662056672339782,0.7661289986744477,0.7952406114742205,0.1,0.9820244125110775,0.7907612301575391,0.8421059415035863,0.5877932003435842,0.8854808765107332,0.9014797005763429,0.8258419852292638,0.17330417141476118,0.665818958095278,0.10022445001000224,0.2658775072433752,0.7637703073861666,0.644957932600144,0.2258645337296552,0.33207995803401325,0.13851789368469158,0.3628148179494586,0.3260656760766678,1,0,0,0,0,0,1,0.5,0.5,0.5,0.5,0.5,0.5,0.5,0.5,0.5,0,0,0.42400539591822173,0,0,Gallup Crueller,Jaylen Hotdogfingers,,,,,-0.3816588564534684,0.28661212125880065,0,0,0,0,,PARTY_TIME,WILD;FRIEND_OF_CROWS;FLIICKERRRIIING;SQUIDDISH,,,,,,59e467c7-6e51-43be-8424-ab6f4a317f18,,306,Weather.PEANUTS,0,0,2,11,92,True,4,3,8,15,13,0,False,0.7959354531260581,0.5323494464108411,,0
Party,0.005406240528426531,True,0.5092087692760954,0.27054679317779634,0.7159344809608528,0.001,0.42703279696570057,0.999,0.001,0.30000000000000004,0.7398150198296507,0.01,0.29921095016108323,0.4261490709392402,0.1642673055795031,0.19734734184174202,0.5820192784973641,0.3007000438152953,0.40160841711720846,0.7029621172095328,0.23805660664039724,0.4852500458319004,0.01,0.04534396189100587,0.04343871188752521,0.01,0.5162999988336032,0.2639134142573877,1,0,0,0,0,0,1,0,0,0,0,0,1,0,0,0,0,0,1,0.6507448302212091,1.1872840511358957,0.7483560090391264,1.1169194236167344,1.0588412960273759,0.6065620745480723,0.2562553034533145,0.02545267482164304,1.0765074595995778,1.1370370003590402,0.9808783031894917,0.8356472211406627,0.7332614994430247,1.0470984659191176,0.4859758771710539,0.3859774926880108,0.7968520467280916,0.6627498236232694,0.2868352939582448,1.184864614510016,1.1088361856885303,0.7074849861385403,1.1574194048686557,1.0985227868611587,0.9383202630490881,0.6714552034723824,1,0,0,0,0,0,1,0.5,0.5,0.5,0.5,0.5,0.5,0.5,0.5,0.5,0,0,0.9026016294846455,0,0,Gallup Crueller,Curry Aliciakeyes,,,,,-0.5004979361784035,0.32379581655341905,0,0,0,0,,PARTY_TIME,OVERUNDER,O_NO;PARTY_TIME,,,,,0ad9d87b-423a-49f8-bbb7-7b3834fbf4aa,,28,Weather.BLACK_HOLE,0,1,1,11,93,False,0,0,0,15,14,0,True,0.17696380339539441,0.436609269122802,,0
Party,0.0013032536315848997,True,0.32998515050291255,0.894062884129841,0.3866701417210102,0.4386740958293689,0.5701010725980523,0.01,1.1126134228013185,0.01,1.069228884858991,0.7089459930460945,0.9666651851381469,0.33422960775604277,0.8930404700261663,0.15821766525735642,1.0232679213848859,0.903196997628707,0.550867684008769,0.34394916049041235,0.5120437630684276,0.6296757861606633,1.072808644427306,0.774680130297896,0.8334189490400044,0.40908675343049566,0.520925651107808,0.7215633721522084,1.0469696969696969,0,0,0,0,0,1,0,0,0,0,0,1,0,0,0,0,0,1,0.41105784646746246,0.153953015851023,0.4474780384530815,0.4200566781281698,0.984051336035049,0.3028831018970408,0.1073889419345476,0.1,0.4575595358322955,0.24974874867635521,0.12581613039130607,0.37176936691835094,0.41243221971653,0.8119140326962062,0.5483496890968678,0.15572567474425067,0.5967719601254704,0.6383700007023896,0.8895268670819593,0.5287700784136138,0.8546293983120764,0.3904121674462293,0.2253274657845548,0.3818902080561505,0.36431831294345723,0.9317098210982461,1,0,0,0,0,0,1.0469696969696969,0.5,0.5,0.5,0.5,0.5,0.5,0.5,0.5,0.5,0,0,0.47924973599026965,0,0,Scores Baserunner,Peanut Bong,,,,,-0.21030339529279835,0.08344839477392324,0,0,0,0,,GROWTH;PARTY_TIME,HONEY_ROASTED,PARTY_TIME,,,,,d022b5e3-3ab2-48e9-baae-85cc48e3d01a,,80,Weather.FLOODING,2,0,2,11,93,True,0,1,2,16,9,0,True,0.27902271141702206,0.5815347987792931,,0
Party,0.0038049489971327954,True,0.9544942067828565,0.43750216506895523,0.08835286342335613,0.9459629593733018,0.47803854583343,0.19953050904761205,0.6693357725956457,0.1,0.5415662169334665,0.7151655897319182,0.6921499429765923,0.39662840120238085,0.803565497863197,0.9540862273455355,0.05844662046715854,0.3546916571163896,0.557839282566909,0.7701369603824204,0.5693187020101746,0.10230504734780466,0.2638972890773177,0.5027723938985156,0.3546890519973127,0.6902723809699447,0.47968889933443903,0.05944099578069917,1,0,0,0,0,0,1,0,0,0,0,0,1,0,0,0,0,0,1,1.0716728778245028,1.1649039247037527,0.6246711212156978,0.6139442952957478,0.6618716099240196,0.03384708671367406,0.7468891327230683,0.048748253165819384,0.6729735783676601,0.3122458818516941,0.3769712620550605,1.185271748660426,0.44260872599324047,0.30647384533890587,0.96369627925318,0.6790333070043209,0.3384155190250382,0.6185967480431818,1.0607967447022388,1.2941872211675909,1.1516622249306723,1.253823488854877,0.9190363185480759,0.5511322235984246,0.8019224362991275,0.6953794674978886,1,0,0,0,0,0,1,0.5,0.5,0.5,0.5,0.5,0.5,0.5,0.5,0.5,0,0,0.9164408181459431,0,0,Bonk Jokes,Ronan Jaylee,,,,,-0.10696591240022467,-0.7891752311695995,0,0,0,0,,O_NO;PARTY_TIME,,PARTY_TIME,,,,,0ad9d87b-423a-49f8-bbb7-7b3834fbf4aa,,200,Weather.BLACK_HOLE,1,0,0,11,93,True,0,2,6,14,15,0,True,0.030832267454574902,0.4494812524975663,,0
Party,2.7812918393932407e-05,True,0.01,0.08226729587642864,0.511548368278974,0.01,0.051538266601100474,0.9668284218480577,0.7678673825268011,0.1,0.8684627742099438,0.4103999093853432,0.9631948777529211,0.40474893106439125,0.3477659732321021,0.25719600883365423,0.46587594109842034,0.6131909627611825,0.9959074808730213,0.533743252356623,0.9986622965681242,0.15441315012602774,0.24136167351205295,0.3998936385672025,0.15712842017322592,0.42701186389329826,0.7857967407463393,0.9043236348376793,1,0,0,0,0,0,1,0,0,0,0,0,1,0,0,0,0,0,1,1.0716728778245028,1.1649039247037527,0.6246711212156978,0.6139442952957478,0.6618716099240196,0.03384708671367406,0.7468891327230683,0.048748253165819384,0.6729735783676601,0.3122458818516941,0.3769712620550605,1.185271748660426,0.44260872599324047,0.30647384533890587,0.96369627925318,0.6790333070043209,0.3384155190250382,0.6185967480431818,1.0607967447022388,1.2941872211675909,1.1516622249306723,1.253823488854877,0.9190363185480759,0.5511322235984246,0.8019224362991275,0.6953794674978886,1,0,0,0,0,0,1,0.5,0.5,0.5,0.5,0.5,0.5,0.5,0.5,0.5,0,0,0.44903459035717064,0,0,Chorby Short,Ronan Jaylee,,,,,-0.7857967407463393,-0.7891752311695995,0,0,0,0,,O_NO;PARTY_TIME,,PARTY_TIME,,,,,0ad9d87b-423a-49f8-bbb7-7b3834fbf4aa,,267,Weather.BLACK_HOLE,0,1,2,11,93,True,0,4,7,14,15,0,False,0.8547644549165807,0.4747045051424868,,0
Party,0.0034038443355515202,True,0.30555197169742865,0.15651572137820857,0.7152850557804082,0.7675195341356104,0.7712203473242286,0.8529054618995713,0.47480902612278575,0.05712428116301395,0.12694794051228372,0.1320779235836067,0.08532508866949322,0.06016871611914499,0.05073563076601563,0.0728196088907618,0.16354303211807647,0.8390936644860997,0.8464075226328037,0.7614345816184455,0.4366543972539298,0.9126867055267806,0.12535547466824223,0.4665785739442394,0.843340811278978,0.597660466446408,0.5072750604949114,0.538143546662784,1,0,0,0,0,0,1,0,0,0,0,0,1,0,0,0,0,0,1,1.0716728778245028,1.1649039247037527,0.6246711212156978,0.6139442952957478,0.6618716099240196,0.03384708671367406,0.7468891327230683,0.048748253165819384,0.6729735783676601,0.3122458818516941,0.3769712620550605,1.185271748660426,0.44260872599324047,0.30647384533890587,0.96369627925318,0.6790333070043209,0.3384155190250382,0.6185967480431818,1.0607967447022388,1.2941872211675909,1.1516622249306723,1.253823488854877,0.9190363185480759,0.5511322235984246,0.8019224362991275,0.6953794674978886,1,0,0,0,0,0,1,0.5,0.5,0.5,0.5,0.5,0.5,0.5,0.5,0.5,0,0,0.8426727259062805,0,0,Wyatt Glover,Ronan Jaylee,,,,,-0.24592040870548293,-0.7891752311695995,0,0,0,0,FIRE_EATER;CREDIT_TO_THE_TEAM,O_NO;PARTY_TIME,,PARTY_TIME,,,,,0ad9d87b-423a-49f8-bbb7-7b3834fbf4aa,,286,Weather.BLACK_HOLE,0,0,0,11,93,True,0,4,8,14,15,0,True,0.3752843597110862,0.6470137116145624,,0
Party,0.002058635227585537,True,1.072045838171186,0.801340700049749,0.8355584648547751,1.101515065948427,0.6584895852185391,0.201,0.47987275979046934,0.30000000000000004,0.046756544596162436,0.34276888991776694,0.7089537261339929,0.4213442773058404,0.5864012251401607,0.20627679620652983,0.8112984845713407,0.48416924810780765,0.42671979475012317,0.4078112890136139,0.07352706873105258,1.0517195892076938,1.1314616182580983,0.8379684603847266,0.8767983804824133,0.21916180443402805,0.9530000539694095,0.5101650324091435,1,0,0,0,0,0,1,0,0,0,0,0,1,0,0,0,0,0,1,0.5424989167918842,0.8751244091691847,0.48035804887113565,0.722225329411824,0.7889629395490493,0.8652553379179987,0.6355383040268938,0.01,0.4215500174299699,0.8294392489498279,0.5004742812660818,0.930296402449408,0.7227152540717486,0.22592970153733427,0.7698558898362952,0.4841248566996277,0.4081533245176311,0.5057715487723716,1.1319830860838043,0.7012875719040299,0.5249548915541065,0.16801030516472676,0.19333324535050267,0.6277626734534189,0.3779736272555312,0.7448344041382213,1,0,0,0,0,0,1,0.5,0.5,0.5,0.5,0.5,0.5,0.5,0.5,0.5,0,0,0.1614172404287526,0,0,Halexandrey Walton,Chambers Simmons,,,,,-0.9405434709335287,-0.35523281997877104,0,0,0,0,SIPHON;PERK,PARTY_TIME,,GROWTH;PARTY_TIME,,,,,a67250be-b9b0-4481-8404-5a2998094ec9,,27,Weather.FLOODING,1,1,0,11,94,False,0,1,0,9,16,0,False,0.6915479038042622,0.45560332998466363,,0
Party,0.002649822778411526,True,0.6553650297029191,0.7461823546651389,0.2758047047750328,0.685631174822077,0.23800254466224574,0.788432616445673,0.16028145106976155,0.1357672951192848,0.1434713734259221,0.13231852723159404,0.3816339537797807,0.11465969691807147,0.13613837234928813,0.18090569546017526,0.4445064080975157,0.6068340236748676,0.04647704994693003,0.5699159546438743,0.22941989488687517,0.8530507954212692,0.001,0.001,0.001,0.001,0.6260620508749675,0.23837655922548165,1,0,0,0,0,0,1,0,0,0,0,0,1,0,0,0,0,0,1,1.104999131550572,0.9668008006129354,0.6990916459440679,1.1660408979563432,1.2777617194789896,0.5868800189374085,1.0583727246863455,0.1,0.776077245784737,0.8628502195254973,1.4372435874678018,0.7122154832611288,0.7877572923471126,0.5356274145051234,1.0442307829033777,0.44954023211079047,0.7472564338042214,0.826195130783148,1.3918655660465071,0.6283473213220253,1.385639970996181,0.6484054497416881,0.6719819376178375,1.0184616577476688,0.12172979520935026,0.2734900720670293,1,0,0,0,0,0,1,0.5,0.5,0.5,0.5,0.5,0.5,0.5,0.5,0.5,0,0,0.4270449746226974,0,0,NaN,Winnie Hess,,,,,-0.14174446565172627,-0.11836511056782222,0,0,0,0,FLICKERING;RECEIVER,BIRD_SEED,SIPHON,PARTY_TIME,,,,,2b934e5d-3ee4-4d6a-8ac3-9efb690ed69c,,77,Weather.FLOODING,0,1,1,11,94,True,3,0,2,15,15,0,True,0.258634464208104,0.41344104378464497,,0
Party,0.004005213616256498,True,0.9894589799595793,1.1524242938246931,1.4414016964422107,1.233124905699233,1.5722704911396785,0.06403179631932199,0.9689384880184594,0.1,0.36852071782632656,1.100714450977468,0.9325229138578585,0.5834646779339707,0.8936546028395422,0.7989461498207131,0.36691470819717087,1.0357770660418608,1.1110645402602242,0.9154737796000011,0.7608950368207023,0.08247847919868628,0.01,0.8629648297022079,0.24902233792171677,0.01,0.3384408801738285,0.8814806374401982,1,0,0,0,0,0,1,0,0,0,0,0,1,0,0,0,0,0,1,0.5424989167918842,0.8751244091691847,0.48035804887113565,0.722225329411824,0.7889629395490493,0.8652553379179987,0.6355383040268938,0.01,0.4215500174299699,0.8294392489498279,0.5004742812660818,0.930296402449408,0.7227152540717486,0.22592970153733427,0.7698558898362952,0.4841248566996277,0.4081533245176311,0.5057715487723716,1.1319830860838043,0.7012875719040299,0.5249548915541065,0.16801030516472676,0.19333324535050267,0.6277626734534189,0.3779736272555312,0.7448344041382213,1,0,0,0,0,0,1,0.5,0.5,0.5,0.5,0.5,0.5,0.5,0.5,0.5,0,0,0.09288193041723725,0,0,Valentine Games,Chambers Simmons,,,,,0.7028272674433144,-0.35523281997877104,0,0,0,0,,PARTY_TIME,,GROWTH;PARTY_TIME,,,,,a67250be-b9b0-4481-8404-5a2998094ec9,,94,Weather.FLOODING,0,1,2,11,94,False,2,1,1,9,16,0,False,0.5905128894704303,0.43365716148468925,,0
Party,0.0015011714151864641,True,0.001,0.15507961954894856,0.24202479804040133,0.001,0.3789080521388299,0.99,0.4059746095218299,0.30000000000000004,0.022256675266975112,0.3703045165842273,0.01,0.01,0.01,0.01,0.001,0.001,0.3223584413502351,0.21063257597368268,0.001,0.13636495574134722,0.6876719008028154,0.14708951610437965,0.4330911797386307,0.32893454625143387,0.3183402613994539,0.3860360402325038,1,0,0,0,0,0,1,0,0,0,0,0,1,1.0019664983486378,0.20492079327374318,0.6724049451982883,0.49874932812712436,0.9158992396490537,1,1.1085048161499913,1.1478041751976635,0.3129705851587233,0.5437580675936233,0.5426622417736615,0.4883538002553936,0.8537960652253835,0.01,1.0976999267093235,1.3187045795887335,1.0314254544339678,1.1121107241671793,0.5701205187591233,0.8427647764934898,1.1771117150518133,0.8367605821636346,0.9635045204391486,0.6180158433451324,1.3252563927841439,0.5071739642656431,0.4173137891524864,1.2758714384287306,1.2983832015073482,0.9882237509282269,0.5081354240012461,0.50481219773184,1,0,0,0,0,0,1,0.5,0.5,0.5,0.5,0.5,0.5,0.5,0.5,0.5,0,0,0.9072817629919152,0,0,Declan Suzanne,Qais Dogwalker,,,,Isaac Johnson,-0.1422461859914666,-0.49951174491090766,0,0,0,-0.04170280009154061,,,FRIEND_OF_CROWS,LIFE_OF_PARTY;ELECTRIC;PARTY_TIME,,,,SIPHON,6855af9c-aea3-4bb4-9c17-07135bd4556e,,165,Weather.SUN_2,0,1,2,11,94,False,1,4,4,16,14,1,True,0.2051555594384189,0.5052480218761799,,0
Party,0.004497099763784096,True,0.9190386558929515,1.2164554950661912,1.5743961867934053,0.9824746391865744,1.3262941924123677,0.21590198952572454,1.1132820621017052,0.1,0.5542490771184405,0.6892427934187828,0.5221803174782815,0.9957369039444792,1.0028774318124143,0.40018316390635833,1.0837081572225478,0.9751231462319436,1.0870693806274312,0.7691018871160651,0.5783179230872257,0.6715585414248714,0.5821760105524166,0.6104289779019639,0.3457180604303871,0.5569065120599864,0.19240544381174618,0.3542455840750931,1,0,0,0,0,0,1,0.23789823728750417,1.0185687345243146,0.21857347546585068,1.0197125026150016,0.22157592121750955,1,0,0,0,0,0,1,0.6250771190513107,1.1168109259605845,0.9740705661453735,0.25230284040169093,0.6024618045717226,0.01,0.6903527972100545,0.01,0.537506431653948,0.7381845290352356,0.9600053500687316,0.3332650209186608,0.5073099420074046,0.7651713506780987,0.4019284779618699,0.982733165812839,0.8012224365208337,0.2504693073851864,0.23863296966513856,0.598317809070952,1.1462011899178592,0.2698254781249148,0.19840298409029258,0.5252645444164314,0.838812986945503,0.2778023448685898,1,0,0,0,0,0,1,0.5,0.5,0.5,0.5,0.5,0.5,0.5,0.5,0.5,0,0,0.7692935176487556,0,0,Jessica Telephone,Felix Garbage,,,Helga Washington,,0.05234977418732746,-0.001351488084936403,0,0,0.4570649824416043,0,SUPERALLERGIC;HONEY_ROASTED,PARTY_TIME,,BIRD_SEED,,,,,2b934e5d-3ee4-4d6a-8ac3-9efb690ed69c,,224,Weather.FLOODING,1,2,2,11,94,False,3,0,6,15,15,1,False,0.6947728283978736,0.6108862252457935,,0
Party,0.0011328894273148205,True,1.2284973618565782,0.554423143609101,0.8875859287621417,1.21979806795042,0.8445186275821823,0.5615678719384499,0.746042461562947,0.2,0.9591432533059159,0.2508588799672564,0.9930498596218648,0.4507202510855136,0.7717668992812586,0.5491696745439952,0.9459764826781085,1.122466390385457,0.5378847424750008,1.0413013549685244,0.6808211213547702,1.1128119372118075,1.0769321359966848,0.6729734738069785,0.35493108363478265,0.5066872535586587,0.7155318584625154,0.3840100485654358,1,0,0,0,0,0,1,0,0,0,0,0,1,0,0,0,0,0,1,0.5424989167918842,0.8751244091691847,0.48035804887113565,0.722225329411824,0.7889629395490493,0.8652553379179987,0.6355383040268938,0.01,0.4215500174299699,0.8294392489498279,0.5004742812660818,0.930296402449408,0.7227152540717486,0.22592970153733427,0.7698558898362952,0.4841248566996277,0.4081533245176311,0.5057715487723716,1.1319830860838043,0.7012875719040299,0.5249548915541065,0.16801030516472676,0.19333324535050267,0.6277626734534189,0.3779736272555312,0.7448344041382213,1,0,0,0,0,0,1,0.5,0.5,0.5,0.5,0.5,0.5,0.5,0.5,0.5,0,0,0.6718937918204388,0,0,Basilio Mason,Chambers Simmons,,,,,-0.07029418073662666,-0.35523281997877104,0,0,0,0,,PARTY_TIME,,GROWTH;PARTY_TIME,,,,,a67250be-b9b0-4481-8404-5a2998094ec9,,300,Weather.FLOODING,0,0,1,11,94,False,3,6,7,9,16,0,False,0.5372438197728633,0.511425576081488,,0
Party,0.0047006452513369545,True,0.01,0.08226729587642864,0.511548368278974,0.01,0.051538266601100474,0.9668284218480577,0.7678673825268011,0.1,0.8684627742099438,0.4103999093853432,0.9631948777529211,0.40474893106439125,0.3477659732321021,0.25719600883365423,0.46587594109842034,0.6131909627611825,0.9959074808730213,0.533743252356623,0.9986622965681242,0.15441315012602774,0.24136167351205295,0.3998936385672025,0.15712842017322592,0.42701186389329826,0.7857967407463393,0.9043236348376793,1,0,0,0,0,0,1,0,0,0,0,0,1,0.05844662046715854,0.3546916571163896,0.557839282566909,0.7701369603824204,0.5693187020101746,1,0.4009216889215006,0.5945106828043045,0.5035372133209276,0.4259251977530348,1.0120595992378465,0.12530026165916336,0.3416600602476005,0.1,0.5646913428379275,0.5412482860647013,0.8295437909007194,0.27488467024388386,0.4590792362943864,0.5881023592101897,0.5769725971616707,0.48092960541335,0.6345844635732892,0.6987393865248509,0.9544149386618352,0.28042558205229595,0.22956100419854716,0.40241234959530264,0.5458941692318188,0.1928094174269708,0.28756718512942636,0.8554514696334528,1,0,0,0,0,0,1,0.5,0.5,0.5,0.5,0.5,0.5,0.5,0.5,0.5,0,0,0.8222207990612671,0,0,Chorby Short,Leach Herman,,,,Bonk Jokes,0.4817935409416636,-0.28756718512942636,0,0,0,0.03892158595404671,,O_NO;PARTY_TIME,ALTERNATE;FRIEND_OF_CROWS,PARTY_TIME,,,,,19cf793d-5f2f-432e-bb1a-7472061e3d5d,,54,Weather.SUN_2,0,2,1,11,95,True,1,0,1,14,15,1,True,0.07553352714104311,0.576929414441519,,0
Party,0.002423166196929172,True,0.25928335646329187,0.9601659099054064,0.24271209831004298,0.7581188405892232,0.7426742580245859,0.5527224896076569,0.8545911730403009,0.05324646190494314,0.9851730880238054,0.362555329740319,0.4118178673763092,0.5701209646913536,0.2625650446791729,0.954120334852196,0.6542524540379794,0.2115470921597268,0.761495205248752,0.8895450905617872,0.9129093408204988,0.9917141407899773,0.3772059245991687,0.25862118228361386,0.680119199414505,0.676331420482561,0.010229309542854281,0.30068204385304287,1,0,0,0,0,0,1,0,0,0,0,0,1,0,0,0,0,0,1,0.4009216889215006,0.5945106828043045,0.5035372133209276,0.4259251977530348,1.0120595992378465,0.12530026165916336,0.3416600602476005,0.1,0.5646913428379275,0.5412482860647013,0.8295437909007194,0.27488467024388386,0.4590792362943864,0.5881023592101897,0.5769725971616707,0.48092960541335,0.6345844635732892,0.6987393865248509,0.9544149386618352,0.28042558205229595,0.22956100419854716,0.40241234959530264,0.5458941692318188,0.1928094174269708,0.28756718512942636,0.8554514696334528,1,0,0,0,0,0,1,0.5,0.5,0.5,0.5,0.5,0.5,0.5,0.5,0.5,0,0,0.419861048102091,0,0,Francisco Preston,Leach Herman,,,,,-0.0008541850972477571,-0.28756718512942636,0,0,0,0,,O_NO;PARTY_TIME,ALTERNATE;FRIEND_OF_CROWS,PARTY_TIME,,,,,19cf793d-5f2f-432e-bb1a-7472061e3d5d,,194,Weather.SUN_2,2,1,2,11,95,True,2,0,5,14,15,0,True,0.6247975637091077,0.8137333460038756,,1
Party,0.003209788000459346,True,0.41647311859470887,0.9393487269143808,0.21953447923487251,0.6063910504606383,0.4444542791303329,0.22485595702533315,0.7126492148298079,0.05518894202645994,0.5127811804822133,0.17474800625471693,0.3987030469150353,0.6036718259199856,0.5213129833585478,0.6967809166495239,0.9068070652682356,0.9161179100659695,0.6782277798908805,0.6907203371559993,0.103963228283417,0.9064402490949309,0.725214339708622,0.6862455007900802,0.13548127367500223,0.44636299775794386,0.8572432930816274,0.3934168052635807,1,0,0,0,0,0,1,0,0,0,0,0,1,0,0,0,0,0,1,1.0010339213419173,0.546054397036101,0.5430034069981311,0.46050362532692196,0.9798702987786357,0.5169887332701172,0.7971654798722394,0.0596396725974869,1.2630225096456211,1.332334726523707,0.9014251376885297,0.8919223666122831,0.9998638333852137,1.2795057055801724,0.42831064966261595,1.1060759919296423,0.4173652959195607,1.0728105875375618,1.0746371449959975,1.393286903571112,1.1513996020833728,0.46327717996585,0.5250221262593743,0.6728970409994306,0.7017745739448324,1.3259420534267357,1,0,0,0,0,0,1,0.5,0.5,0.5,0.5,0.5,0.5,0.5,0.5,0.5,0,0,0.1363177537947997,0,0,Lotus Mango,Wyatt Pothos,,,,,-0.8572432930816274,1.248766684621656,0,0,0,0,,PARTY_TIME,HONEY_ROASTED,,,,,,16f9913f-a596-45cc-a824-3adb1ef7d94a,,226,Weather.FLOODING,0,2,1,11,95,True,3,1,7,15,15,0,False,0.572885261919305,0.45683481747308846,,0
Party,0.0038516461169084693,True,0.54277603078937,0.235514082001207,0.8602819031969534,0.7682543698694155,0.06962009478153215,0.12613436215753826,0.6238064239825681,0.036873332000989384,0.7620645311224323,0.5876199160076078,0.5522301413070778,0.34928858036917415,1.073830574980872,0.42287807708303826,0.16106102470412872,0.7534821437822281,0.6239731945057649,0.2233283676402474,0.42983466530123493,0.1206639433452377,0.4466726324748562,0.283870582260998,0.1656006428859614,0.05044226272794346,0.5276428922174883,0.6144606030462767,1,0,0,0,0,0,1,0,0,0,0,0,1,0,0,0,0,0,1,0.25234131680242883,1.0591722645974397,0.6662891544084,0.9036383219999143,0.7542853801355397,0.030161018375360976,0.31276184687213915,0.027972130874091686,0.7356551279282674,0.38232879005130593,0.3190067646140903,0.228320991937362,0.6983261001937082,0.760798909188042,0.9089121553233835,0.3523839042953375,0.9085082515644397,0.2882634062959107,0.780673979814564,0.7312943528325184,0.9367549567762787,0.7035883100546467,0.7762932049780229,0.413011320445698,0.9299839526270681,0.3095305726249118,1,0,0,0,0,0,1,0.5,0.5,0.5,0.5,0.5,0.5,0.5,0.5,0.5,0,0,0.58861126011251,0,0,Farrell Seagull,Yeong-Ho Garcia,,,,,-0.33055051116055767,-0.8926080163691946,0,0,0,0,,AFFINITY_FOR_CROWS,ALTERNATE;FRIEND_OF_CROWS,LOVE;PARTY_TIME,,,,,ab8d30e9-1054-44fd-984a-f560f7ad76b2,,238,Weather.FLOODING,0,2,0,11,95,True,1,4,6,12,15,0,True,0.4215776152281223,0.5813603295966956,,1
Party,0.0008141850701444131,True,0.5261952080304161,1.1473229661511826,1.033231619862213,0.3074255027518682,0.638514711714071,0.38239472201604185,1.0524867775758326,0.2,1.0916584157705964,0.6636866726476214,0.7101991829148402,0.32212791287001385,1.0081998867589266,0.5325350085804851,0.9372531486685483,1.0997901694294325,1.1800588659596152,1.0423517790550385,0.8760942173815857,0.3579886168196976,0.6284001994749655,1.0726339183167717,0.48874157782110206,0.9613727185020862,0.08034602736685281,0.9363478260903196,1,0,0,0,0,0,1,0,0,0,0,0,1,0,0,0,0,0,1,1.168716453966575,0.6459404918726056,1.1621480073095711,0.7930612567870181,1.056123563827368,0.001,1.2526831502867495,0.05016198848066051,0.591783641219835,0.8710566659928699,0.8093703515060102,1.0818176062977856,1.2963737943821503,1.0785212758270806,1.0928885517921263,0.715372638370732,0.6805577878927029,1.0004167911270074,0.42381142372654046,0.7789502888082445,0.8901705813583899,0.9953181677705973,0.7428480240310821,1.3938530158547808,0.5408376821510407,0.45721224080014566,1,0,0,0,0,0,1,0.5,0.5,0.5,0.5,0.5,0.5,0.5,0.5,0.5,0,0,0.11283615184747653,0,0,Conner Haley,James Mora,,,,,0.09510445782542172,-0.12846749584599357,0,0,0,0,SPICY,PARTY_TIME,,O_NO;PARTY_TIME,,,,,19cf793d-5f2f-432e-bb1a-7472061e3d5d,,276,Weather.SUN_2,2,2,1,11,95,False,2,1,7,15,14,0,True,0.2853532580067397,0.4907799490934822,,0
Party,0.005064200791256024,True,0.32998515050291255,0.894062884129841,0.3866701417210102,0.4386740958293689,0.5701010725980523,0.01,1.1126134228013185,0.01,1.069228884858991,0.7089459930460945,0.9666651851381469,0.33422960775604277,0.8930404700261663,0.15821766525735642,1.0232679213848859,0.903196997628707,0.550867684008769,0.34394916049041235,0.5120437630684276,0.6296757861606633,1.072808644427306,0.774680130297896,0.8334189490400044,0.40908675343049566,0.520925651107808,0.7215633721522084,1.0484848484848486,0,0,0,0,0,1,0,0,0,0,0,1,0,0,0,0,0,1,0.6787742466517304,0.9433718319302367,0.3220034159826857,0.8027623910183835,0.4461503039543863,0.3027944822623173,0.453926707534273,0.1,0.6015770195926684,0.5306405521610593,0.5029532579981529,0.6775331269477542,0.44073069567881157,0.46601343432528824,0.932121645776542,0.7142653799355867,0.5533117373841797,0.5132839671704975,0.2045796199271237,0.4528035581576524,0.4543441518978481,1.037922678408345,1.1067698460247062,0.6273679376602744,0.936468557739889,0.2886997651625168,1,0,0,0,0,0,1.0484848484848486,0.5,0.5,0.5,0.5,0.5,0.5,0.5,0.5,0.5,0,0,0.8345962442767081,0,0,Scores Baserunner,Sexton Wheerer,,,,,-0.21030339529281072,-0.7824102252942939,0,0,0,0,,GROWTH;PARTY_TIME,ALTERNATE;SUPERALLERGIC;FRIEND_OF_CROWS,PARTY_TIME,,,,,055f379b-7a10-4880-a3b9-c7fcf7b4b5c0,,66,Weather.FLOODING,0,0,0,11,96,False,4,0,1,16,9,0,False,0.7036915079422317,0.5184161812480759,,0
Party,0.005008090643609853,True,0.5015389259439197,0.3430690209690878,0.6273536909122016,0.4854780451836771,0.12488088176993148,0.5027529305352368,0.8454955356456927,0.04957449916247045,0.45155916436686305,0.7923565430200511,0.3388598729564089,0.13470966434911505,0.4213087365399838,0.24290751951759626,0.07987958257751364,0.6130080608080091,0.08594615376318385,0.17343600248612948,0.19534156837310857,0.5362053919561276,0.1275364073374444,0.38524808610086925,0.38425875966149214,0.6377242885998295,0.11787982178617629,0.9415104575506188,1,0,0,0,0,0,1,0,0,0,0,0,1,0,0,0,0,0,1,0.8334334146827689,1.041356895251284,0.42863743456915765,0.3461285546900007,0.6162902537456035,0.01,0.717815874552366,0.1,1.0352212542411443,0.559580904385477,0.599263073358022,0.2509851812112263,1.159031856150566,0.6066316790975008,1.1050385552266102,0.37855869910616335,0.5713514447427515,0.7084696512980069,1.0232350460641721,1.2434711852100353,0.8350716662645024,0.34293523697285977,1.1215559060178926,0.9996358867216696,0.4748521086987548,0.8658734201938985,1,0,0,0,0,0,1,0.5,0.5,0.5,0.5,0.5,0.5,0.5,0.5,0.5,0,0,0.9690728518614746,0,0,Washer Barajas,Stevenson Heat,,,,,0.33643183974616653,0.6134750029256811,0,0,0,0,,O_NO;PARTY_TIME,ALTERNATE;FRIEND_OF_CROWS,,,,,,af314f92-db43-4568-9504-61865d3e090b,,80,Weather.FLOODING,0,0,1,11,96,True,4,4,1,14,13,0,True,0.015603730221018575,0.6343619857286369,,0
Party,0.0005906450026531562,True,0.595123678584951,0.6852256455197301,0.4022832579081309,0.868380126167814,0.09439558786404115,0.09376278623356618,0.44626635714482016,0.02331582743415868,0.7388668391543481,1.0931266626019756,0.6044945853956492,0.5919823876376459,0.2473408084697643,0.2504258517306886,0.4994499294711601,0.5310262910441527,0.23363187142934538,1.0812652120250914,0.9490061442385667,0.06640729857041512,0.6363974636521591,0.09796341731059095,0.6739422873804768,0.0590915245208773,0.9172442304848458,0.7742034593837356,1.05,0,0,0,0,0,1,0,0,0,0,0,1,0,0,0,0,0,1,1.1410689067902577,0.9862527211365105,0.6242883477803085,1.2026656956547965,0.6913119900066772,0.6511606200030078,0.3171590215843745,0.05458565587952875,1.2364916743978824,0.9480481946784777,1.1010646148319068,0.555966913229714,0.47617860325442446,0.9862575706473643,0.3185418958794001,0.8247000071028844,0.7410620196720222,0.24297396856494857,0.8738635241075825,0.736649828867666,1.200897566992514,1.1966216717900109,0.9045497757090205,0.2588350112601803,0.3856185779831285,0.24170023931688991,1,0,0,0,0,0,1.05,0.5,0.5,0.5,0.5,0.5,0.5,0.5,0.5,0.5,0,0,0.956438960782021,0,0,Sebastian Woodman,Theodore Cervantes,,,,,0.7742034593837356,-0.26098119301185213,0,0,0,0,FLINCH,TRAVELING;PARTY_TIME,SIPHON;PERK,BIRD_SEED,,,,,1f844849-30ba-4181-aa27-ea53d48fce17,,123,Weather.FLOODING,0,2,0,11,96,True,2,1,4,14,15,0,True,0.5903122057563941,0.6351215417284778,,1
Party,0.0039672572678712825,True,0.8433204521594094,0.2983046997794702,0.7246578712841172,0.46969489957245514,1.230661829252102,0.5383194070772748,1.2044468333576202,0.04261345618871164,0.2673188653850858,1.1811158174017342,0.4794536615328678,0.6872012201708769,0.5445534126785788,0.6277395711439647,0.4993647342688586,1.2696024868456055,0.851975959139624,1.0423741112328853,0.9973417172584701,0.9851414253666728,0.539060503412507,0.3854396370559553,0.6665347657494292,0.5727266174136054,0.5449316274206509,1.176876221685967,1,1.208200119797941,0.47215620913930345,1.0236214485588324,1.1566517171458233,0.6943077274066889,1,0,0,0,0,0,1,0,0,0,0,0,1,0.7435930278037949,0.9036461925800072,0.974478879051615,0.3266006304610136,0.19698476019153197,0.6539867586115494,0.7211406575152048,0.1,0.8359935206127604,0.21314398689996839,0.479402091210696,0.23517901472851768,0.2473076414356527,0.13615662583550658,0.33500656646112575,0.2725787065735962,0.226326155819968,0.7420615833499408,0.7656249398121118,0.27408221947173717,1.002306240740225,0.24897305204836676,0.8671916106112096,0.9425744370881963,0.08448813116604792,0.18613880645526215,1,0,0,0,0,0,1,0.5,0.5,0.5,0.5,0.5,0.5,0.5,0.5,0.5,0,0,0.14467724336936905,0,0,Dickerson Morse,Greer Lott,,Kline Greenlemon,,,0.8527371144718019,-0.05045824813248352,0,-0.11129593059052648,0,0,,PARTY_TIME,,,,,,,cf08225c-8011-43c0-a677-e8b25456fa9d,,243,Weather.SUN_2,0,1,1,11,96,False,4,3,6,15,15,1,True,0.5365942904933563,0.6028166847978567,,0
Party,0.0026435153485815377,True,0.01,0.08226729587642864,0.511548368278974,0.01,0.051538266601100474,0.9668284218480577,0.7678673825268011,0.1,0.8684627742099438,0.4103999093853432,0.9631948777529211,0.40474893106439125,0.3477659732321021,0.25719600883365423,0.46587594109842034,0.6131909627611825,0.9959074808730213,0.533743252356623,0.9986622965681242,0.15441315012602774,0.24136167351205295,0.3998936385672025,0.15712842017322592,0.42701186389329826,0.7857967407463393,0.9043236348376793,1,0,0,0,0,0,1,0,0,0,0,0,1,0,0,0,0,0,1,0.8334334146827689,1.041356895251284,0.42863743456915765,0.3461285546900007,0.6162902537456035,0.01,0.717815874552366,0.1,1.0352212542411443,0.559580904385477,0.599263073358022,0.2509851812112263,1.159031856150566,0.6066316790975008,1.1050385552266102,0.37855869910616335,0.5713514447427515,0.7084696512980069,1.0232350460641721,1.2434711852100353,0.8350716662645024,0.34293523697285977,1.1215559060178926,0.9996358867216696,0.4748521086987548,0.8658734201938985,1,0,0,0,0,0,1,0.5,0.5,0.5,0.5,0.5,0.5,0.5,0.5,0.5,0,0,0.9576310902916918,0,0,Chorby Short,Stevenson Heat,,,,,0.9043236348376793,0.6134750029256811,0,0,0,0,,O_NO;PARTY_TIME,ALTERNATE;FRIEND_OF_CROWS,,,,,,af314f92-db43-4568-9504-61865d3e090b,,351,Weather.FLOODING,0,2,0,11,96,True,5,16,7,14,13,0,False,0.6619528941596875,0.4729626361746585,,0
Party,0.0006311561174103808,True,0.48969271347612486,0.35798817894223633,0.05802625602022943,0.14235596979611986,0.5047417645456911,0.8488187198007413,0.5587950723569715,0.1,0.7025766839779473,0.6010537284699806,0.024998201944812143,0.06153213816710454,0.6033257532861284,0.01,0.6585381285735923,0.5869292322632647,1.0594196821339583,0.4359193322101908,0.6610812587149684,0.01,0.23573582358360287,0.42058528895969705,0.40785621771754066,0.5096598736725723,0.7902724055138329,0.14039004614355743,1,0,0,0,0,0,1,0,0,0,0,0,1,0,0,0,0,0,1,0.3345274039314281,0.5527658883146049,0.505402394354755,0.04146993321131154,0.9033401461180819,0.9497524024365027,0.8644460510251408,0.1,0.5926674383412813,0.9457779407933766,0.13008807779843656,0.14289896471901908,0.8985462195298943,0.707726770269151,0.7342118161986011,0.6563937019252541,0.27743284704907367,0.7222003154144341,0.6035796947883036,0.2373719079334946,0.8104195607090454,0.8993520157461077,0.18401877516772114,0.9417716526507101,0.5591308458543041,0.7773488339967005,1,0,0,0,0,0,1,0.5,0.5,0.5,0.5,0.5,0.5,0.5,0.5,0.5,0,0,0.570450394739789,0,0,Eizabeth Guerra,Lenny Marijuana,,,,,-0.39116471783245943,-0.2250109258915603,0,0,0,0,,PARTY_TIME,,,,,,,aa8c893c-f8c2-48f6-9b50-7b7b19b38539,,388,Weather.BLACK_HOLE,0,1,1,11,96,False,3,3,10,15,16,0,False,0.7139524942118338,0.502652560389007,,0
Party,0.003232536079466053,True,0.30555197169742865,0.15651572137820857,0.7152850557804082,0.7675195341356104,0.7712203473242286,0.8529054618995713,0.47480902612278575,0.05712428116301395,0.12694794051228372,0.1320779235836067,0.08532508866949322,0.06016871611914499,0.05073563076601563,0.0728196088907618,0.16354303211807647,0.8390936644860997,0.8464075226328037,0.7614345816184455,0.4366543972539298,0.9126867055267806,0.12535547466824223,0.4665785739442394,0.843340811278978,0.597660466446408,0.5072750604949114,0.538143546662784,1,0,0,0,0,0,1,0,0,0,0,0,1,0,0,0,0,0,1,0.8334334146827689,1.041356895251284,0.42863743456915765,0.3461285546900007,0.6162902537456035,0.01,0.717815874552366,0.1,1.0352212542411443,0.559580904385477,0.599263073358022,0.2509851812112263,1.159031856150566,0.6066316790975008,1.1050385552266102,0.37855869910616335,0.5713514447427515,0.7084696512980069,1.0232350460641721,1.2434711852100353,0.8350716662645024,0.34293523697285977,1.1215559060178926,0.9996358867216696,0.4748521086987548,0.8658734201938985,1,0,0,0,0,0,1,0.5,0.5,0.5,0.5,0.5,0.5,0.5,0.5,0.5,0,0,0.5951701015940136,0,0,Wyatt Glover,Stevenson Heat,,,,,-0.2459204087054934,0.6134750029256811,0,0,0,0,FIRE_EATER;CREDIT_TO_THE_TEAM,O_NO;PARTY_TIME,ALTERNATE;FRIEND_OF_CROWS,,,,,,af314f92-db43-4568-9504-61865d3e090b,,391,Weather.FLOODING,0,2,1,11,96,True,5,16,7,14,13,0,True,0.33889752493657377,0.5167398656539941,,0
